"SNP","effect_allele.exposure","other_allele.exposure","effect_allele.outcome","other_allele.outcome","beta.exposure","beta.outcome","eaf.exposure","eaf.outcome","remove","palindromic","ambiguous","id.outcome","se.outcome","pval.outcome","outcome","mr_keep.outcome","pval_origin.outcome","data_source.outcome","Phenotype.x","exposure","id.exposure","se.exposure","pval.exposure","Phenotype.y","action","mr_keep","samplesize.outcome"
"rs10204824","G","A","G","A",-0.0147,0.000405076,0.643,0.655799,FALSE,FALSE,FALSE,"t5ExGR",0.00112608,0.72,"outcome",TRUE,"reported","textfile","COPD","exposure","2",0.00386,0.000134,"CPD",2,TRUE,NA
"rs1024323","T","C","T","C",-0.00792,-0.00143284,0.387,0.377686,FALSE,FALSE,FALSE,"t5ExGR",0.00108422,0.19,"outcome",TRUE,"reported","textfile","COPD","exposure","2",0.00382,0.0381,"CPD",2,TRUE,NA
"rs10454798","T","G","T","G",0.0076,0.00108848,0.264,0.243589,FALSE,FALSE,FALSE,"t5ExGR",0.00122442,0.37,"outcome",TRUE,"reported","textfile","COPD","exposure","2",0.00428,0.0753,"CPD",2,TRUE,NA
"rs10742683","A","G","A","G",-0.0135,-0.000640795,0.409,0.427209,FALSE,FALSE,FALSE,"t5ExGR",0.00106366,0.55,"outcome",TRUE,"reported","textfile","COPD","exposure","2",0.0038,0.000416,"CPD",2,TRUE,NA
"rs1115019","C","T","C","T",-0.0122,-0.00266581,0.75,0.797317,FALSE,FALSE,FALSE,"t5ExGR",0.00130713,0.041,"outcome",TRUE,"reported","textfile","COPD","exposure","2",0.00456,0.0074,"CPD",2,TRUE,NA
"rs11846838","A","G","A","G",0.0124,0.00173823,0.313,0.324336,FALSE,FALSE,FALSE,"t5ExGR",0.00113031,0.12,"outcome",TRUE,"reported","textfile","COPD","exposure","2",0.00399,0.00192,"CPD",2,TRUE,NA
"rs11940255","A","G","A","G",-0.0164,-0.00015976,0.698,0.723175,FALSE,FALSE,FALSE,"t5ExGR",0.0011892,0.89,"outcome",TRUE,"reported","textfile","COPD","exposure","2",0.00413,7.54e-05,"CPD",2,TRUE,NA
"rs12924872","T","C","T","C",-0.0101,-0.00117383,0.445,0.465918,FALSE,FALSE,FALSE,"t5ExGR",0.00106306,0.27,"outcome",TRUE,"reported","textfile","COPD","exposure","2",0.00377,0.00751,"CPD",2,TRUE,NA
"rs13253502","A","G","A","G",-0.00392,0.000418375,0.391,0.405949,FALSE,FALSE,FALSE,"t5ExGR",0.00107006,0.7,"outcome",TRUE,"reported","textfile","COPD","exposure","2",0.00379,0.302,"CPD",2,TRUE,NA
"rs143200968","C","G","C","G",-0.0979,-0.00588841,0.0201,0.02041,FALSE,TRUE,FALSE,"t5ExGR",0.00371517,0.11,"outcome",TRUE,"reported","textfile","COPD","exposure","2",0.0114,8.8e-18,"CPD",2,TRUE,NA
"rs1592485","A","C","A","C",-0.0225,0.000923238,0.623,0.607576,FALSE,FALSE,FALSE,"t5ExGR",0.00107776,0.39,"outcome",TRUE,"reported","textfile","COPD","exposure","2",0.00386,5.88e-09,"CPD",2,TRUE,NA
"rs182317","T","G","T","G",-0.0201,-0.000176616,0.342,0.367808,FALSE,FALSE,FALSE,"t5ExGR",0.00109157,0.87,"outcome",TRUE,"reported","textfile","COPD","exposure","2",0.00402,5.7e-07,"CPD",2,TRUE,NA
"rs2072659","G","C","G","C",-0.0305,-0.00177888,0.105,0.101788,FALSE,TRUE,FALSE,"t5ExGR",0.00183619,0.33,"outcome",TRUE,"reported","textfile","COPD","exposure","2",0.00637,1.71e-06,"CPD",2,TRUE,NA
"rs2084533","T","C","T","C",0.018,0.00258178,0.319,0.308203,FALSE,FALSE,FALSE,"t5ExGR",0.00114745,0.024,"outcome",TRUE,"reported","textfile","COPD","exposure","2",0.00399,6.37e-06,"CPD",2,TRUE,NA
"rs215600","A","G","A","G",-0.0249,-0.000402462,0.64,0.642277,FALSE,FALSE,FALSE,"t5ExGR",0.0010996,0.71,"outcome",TRUE,"reported","textfile","COPD","exposure","2",0.00392,2.06e-10,"CPD",2,TRUE,NA
"rs2236951","C","T","C","T",-0.0133,0.000627954,0.223,0.199129,FALSE,FALSE,FALSE,"t5ExGR",0.00131913,0.63,"outcome",TRUE,"reported","textfile","COPD","exposure","2",0.00465,0.00415,"CPD",2,TRUE,NA
"rs2273500","C","T","C","T",0.0345,0.00264517,0.159,0.146226,FALSE,FALSE,FALSE,"t5ExGR",0.00148642,0.075,"outcome",TRUE,"reported","textfile","COPD","exposure","2",0.00532,8.58e-11,"CPD",2,TRUE,NA
"rs258321","G","A","G","A",0.0159,0.00174462,0.433,0.419072,FALSE,FALSE,FALSE,"t5ExGR",0.00106268,0.1,"outcome",TRUE,"reported","textfile","COPD","exposure","2",0.0038,3.1e-05,"CPD",2,TRUE,NA
"rs2741351","C","A","C","A",0.0234,-0.00171202,0.803,0.829475,FALSE,FALSE,FALSE,"t5ExGR",0.00140212,0.22,"outcome",TRUE,"reported","textfile","COPD","exposure","2",0.00488,1.6e-06,"CPD",2,TRUE,NA
"rs2971426","T","A","T","A",-0.0208,0.00121588,0.847,0.903254,FALSE,TRUE,FALSE,"t5ExGR",0.00178293,0.5,"outcome",TRUE,"reported","textfile","COPD","exposure","2",0.00539,0.000113,"CPD",2,TRUE,NA
"rs3025383","C","T","C","T",-0.0319,0.00145104,0.18,0.185056,FALSE,FALSE,FALSE,"t5ExGR",0.00135697,0.28,"outcome",TRUE,"reported","textfile","COPD","exposure","2",0.00471,1.19e-11,"CPD",2,TRUE,NA
"rs34973462","T","C","T","C",0.0143,0.000354684,0.348,0.340305,FALSE,FALSE,FALSE,"t5ExGR",0.0011103,0.75,"outcome",TRUE,"reported","textfile","COPD","exposure","2",0.00403,0.000394,"CPD",2,TRUE,NA
"rs4144686","A","G","A","G",-0.0193,-0.00064107,0.163,0.166113,FALSE,FALSE,FALSE,"t5ExGR",0.00141313,0.65,"outcome",TRUE,"reported","textfile","COPD","exposure","2",0.00496,9.47e-05,"CPD",2,TRUE,NA
"rs4236926","G","T","G","T",0.0335,9.96753e-05,0.748,0.768075,FALSE,FALSE,FALSE,"t5ExGR",0.00124428,0.94,"outcome",TRUE,"reported","textfile","COPD","exposure","2",0.00439,2.41e-14,"CPD",2,TRUE,NA
"rs4485470","A","G","A","G",-0.0179,0.000783842,0.597,0.589059,FALSE,FALSE,FALSE,"t5ExGR",0.00106902,0.46,"outcome",TRUE,"reported","textfile","COPD","exposure","2",0.00381,2.5e-06,"CPD",2,TRUE,NA
"rs56113850","C","T","C","T",0.0402,0.00110621,0.568,0.584236,FALSE,FALSE,FALSE,"t5ExGR",0.00106862,0.3,"outcome",TRUE,"reported","textfile","COPD","exposure","2",0.00383,8.58e-26,"CPD",2,TRUE,NA
"rs57064725","A","C","A","C",-0.0775,-0.00163141,0.246,0.224301,FALSE,FALSE,FALSE,"t5ExGR",0.00126291,0.2,"outcome",TRUE,"reported","textfile","COPD","exposure","2",0.00457,2.68e-64,"CPD",2,TRUE,NA
"rs59208569","C","G","C","G",0.021,0.00415523,0.807,0.828674,FALSE,TRUE,FALSE,"t5ExGR",0.00141268,0.0033,"outcome",TRUE,"reported","textfile","COPD","exposure","2",0.00496,2.28e-05,"CPD",2,TRUE,NA
"rs6078373","A","G","A","G",0.0128,0.00195381,0.393,0.417083,FALSE,FALSE,FALSE,"t5ExGR",0.00106778,0.067,"outcome",TRUE,"reported","textfile","COPD","exposure","2",0.00383,8e-04,"CPD",2,TRUE,NA
"rs62447179","A","G","A","G",-0.0139,0.000313181,0.3,0.307081,FALSE,FALSE,FALSE,"t5ExGR",0.00114234,0.78,"outcome",TRUE,"reported","textfile","COPD","exposure","2",0.00411,0.000678,"CPD",2,TRUE,NA
"rs632811","G","A","G","A",-0.0188,-0.00234504,0.351,0.332606,FALSE,FALSE,FALSE,"t5ExGR",0.00111927,0.036,"outcome",TRUE,"reported","textfile","COPD","exposure","2",0.00477,8.32e-05,"CPD",2,TRUE,NA
"rs699165","G","A","G","A",0.0162,0.00131866,0.74,0.73931,FALSE,FALSE,FALSE,"t5ExGR",0.00119644,0.27,"outcome",TRUE,"reported","textfile","COPD","exposure","2",0.00431,0.000161,"CPD",2,TRUE,NA
"rs7125588","G","A","G","A",-0.0155,-0.00254793,0.408,0.447133,FALSE,FALSE,FALSE,"t5ExGR",0.00106107,0.016,"outcome",TRUE,"reported","textfile","COPD","exposure","2",0.00379,4.38e-05,"CPD",2,TRUE,NA
"rs7174367","A","G","A","G",-0.0511,-0.000748894,0.564,0.572408,FALSE,FALSE,FALSE,"t5ExGR",0.00106229,0.48,"outcome",TRUE,"reported","textfile","COPD","exposure","2",0.00386,7.07e-40,"CPD",2,TRUE,NA
"rs7281463","C","A","C","A",0.0116,0.00144292,0.401,0.43141,FALSE,FALSE,FALSE,"t5ExGR",0.0010657,0.18,"outcome",TRUE,"reported","textfile","COPD","exposure","2",0.00383,0.00238,"CPD",2,TRUE,NA
"rs73229090","A","C","A","C",0.0255,-0.00280381,0.113,0.11293,FALSE,FALSE,FALSE,"t5ExGR",0.00167817,0.095,"outcome",TRUE,"reported","textfile","COPD","exposure","2",0.00602,2.21e-05,"CPD",2,TRUE,NA
"rs75596189","T","C","T","C",0.0311,0.00049523,0.0954,0.110173,FALSE,FALSE,FALSE,"t5ExGR",0.00168969,0.77,"outcome",TRUE,"reported","textfile","COPD","exposure","2",0.00595,1.65e-07,"CPD",2,TRUE,NA
"rs7599488","T","C","T","C",0.0102,0.00092553,0.434,0.421176,FALSE,FALSE,FALSE,"t5ExGR",0.00106847,0.39,"outcome",TRUE,"reported","textfile","COPD","exposure","2",0.00376,0.00638,"CPD",2,TRUE,NA
"rs7612459","C","A","C","A",-0.0176,-0.000283822,0.644,0.661211,FALSE,FALSE,FALSE,"t5ExGR",0.00110913,0.8,"outcome",TRUE,"reported","textfile","COPD","exposure","2",0.00396,9.26e-06,"CPD",2,TRUE,NA
"rs77107237","G","A","G","A",-0.00735,0.000768179,0.0946,0.097062,FALSE,FALSE,FALSE,"t5ExGR",0.00177374,0.66,"outcome",TRUE,"reported","textfile","COPD","exposure","2",0.00679,0.279,"CPD",2,TRUE,NA
"rs7766641","A","G","A","G",-0.0158,-0.001444,0.291,0.262491,FALSE,FALSE,FALSE,"t5ExGR",0.00120101,0.23,"outcome",TRUE,"reported","textfile","COPD","exposure","2",0.0042,0.000162,"CPD",2,TRUE,NA
"rs77920005","A","G","A","G",0.0389,-0.00314521,0.0551,0.071402,FALSE,FALSE,FALSE,"t5ExGR",0.0020419,0.12,"outcome",TRUE,"reported","textfile","COPD","exposure","2",0.00744,1.7e-07,"CPD",2,TRUE,NA
"rs78408772","T","C","T","C",-0.0173,-0.00247577,0.11,0.106601,FALSE,FALSE,FALSE,"t5ExGR",0.00172182,0.15,"outcome",TRUE,"reported","textfile","COPD","exposure","2",0.00626,0.00559,"CPD",2,TRUE,NA
"rs790564","C","A","C","A",-0.0188,-0.000739922,0.719,0.719534,FALSE,FALSE,FALSE,"t5ExGR",0.00117656,0.53,"outcome",TRUE,"reported","textfile","COPD","exposure","2",0.00423,8.79e-06,"CPD",2,TRUE,NA
"rs7951365","C","T","C","T",0.0195,-7.01684e-05,0.306,0.309953,FALSE,FALSE,FALSE,"t5ExGR",0.00114732,0.95,"outcome",TRUE,"reported","textfile","COPD","exposure","2",0.00408,1.81e-06,"CPD",2,TRUE,NA
"rs10204824","G","A","G","A",-0.0406,0.000405076,0.6281,0.655799,FALSE,FALSE,FALSE,"t5ExGR",0.00112608,0.72,"outcome",TRUE,"reported","textfile","COPD","exposure","1",0.0216,0.05989,"COT",2,TRUE,NA
"rs1024323","T","C","T","C",-0.0113,-0.00143284,0.4097,0.377686,FALSE,FALSE,FALSE,"t5ExGR",0.00108422,0.19,"outcome",TRUE,"reported","textfile","COPD","exposure","1",0.0203,0.5771,"COT",2,TRUE,NA
"rs10454798","T","G","T","G",-3e-04,0.00108848,0.2829,0.243589,FALSE,FALSE,FALSE,"t5ExGR",0.00122442,0.37,"outcome",TRUE,"reported","textfile","COPD","exposure","1",0.0222,0.9884,"COT",2,TRUE,NA
"rs10742683","A","G","A","G",-0.001,-0.000640795,0.4178,0.427209,FALSE,FALSE,FALSE,"t5ExGR",0.00106366,0.55,"outcome",TRUE,"reported","textfile","COPD","exposure","1",0.0204,0.9597,"COT",2,TRUE,NA
"rs1115019","C","T","C","T",-0.0437,-0.00266581,0.7979,0.797317,FALSE,FALSE,FALSE,"t5ExGR",0.00130713,0.041,"outcome",TRUE,"reported","textfile","COPD","exposure","1",0.0292,0.1345,"COT",2,TRUE,NA
"rs11846838","A","G","A","G",0.0118,0.00173823,0.3787,0.324336,FALSE,FALSE,FALSE,"t5ExGR",0.00113031,0.12,"outcome",TRUE,"reported","textfile","COPD","exposure","1",0.0253,0.6405,"COT",2,TRUE,NA
"rs11940255","A","G","A","G",-0.0256,-0.00015976,0.7021,0.723175,FALSE,FALSE,FALSE,"t5ExGR",0.0011892,0.89,"outcome",TRUE,"reported","textfile","COPD","exposure","1",0.0219,0.2417,"COT",2,TRUE,NA
"rs12924872","T","C","T","C",-0.011,-0.00117383,0.4713,0.465918,FALSE,FALSE,FALSE,"t5ExGR",0.00106306,0.27,"outcome",TRUE,"reported","textfile","COPD","exposure","1",0.0248,0.6579,"COT",2,TRUE,NA
"rs13253502","A","G","A","G",-0.0214,0.000418375,0.3973,0.405949,FALSE,FALSE,FALSE,"t5ExGR",0.00107006,0.7,"outcome",TRUE,"reported","textfile","COPD","exposure","1",0.0213,0.3149,"COT",2,TRUE,NA
"rs143200968","C","G","C","G",-0.1045,-0.00588841,0.0248,0.02041,FALSE,TRUE,FALSE,"t5ExGR",0.00371517,0.11,"outcome",TRUE,"reported","textfile","COPD","exposure","1",0.0862,0.2251,"COT",2,TRUE,NA
"rs1592485","A","C","A","C",-0.0054,0.000923238,0.6163,0.607576,FALSE,FALSE,FALSE,"t5ExGR",0.00107776,0.39,"outcome",TRUE,"reported","textfile","COPD","exposure","1",0.0215,0.8012,"COT",2,TRUE,NA
"rs182317","T","G","T","G",-0.0312,-0.000176616,0.3383,0.367808,FALSE,FALSE,FALSE,"t5ExGR",0.00109157,0.87,"outcome",TRUE,"reported","textfile","COPD","exposure","1",0.0219,0.1546,"COT",2,TRUE,NA
"rs2072659","G","C","G","C",-0.0833,-0.00177888,0.1012,0.101788,FALSE,TRUE,FALSE,"t5ExGR",0.00183619,0.33,"outcome",TRUE,"reported","textfile","COPD","exposure","1",0.0485,0.08551,"COT",2,TRUE,NA
"rs2084533","T","C","T","C",-0.0029,0.00258178,0.3167,0.308203,FALSE,FALSE,FALSE,"t5ExGR",0.00114745,0.024,"outcome",TRUE,"reported","textfile","COPD","exposure","1",0.0214,0.8913,"COT",2,TRUE,NA
"rs215600","A","G","A","G",0.0012,-0.000402462,0.6603,0.642277,FALSE,FALSE,FALSE,"t5ExGR",0.0010996,0.71,"outcome",TRUE,"reported","textfile","COPD","exposure","1",0.0212,0.9544,"COT",2,TRUE,NA
"rs2236951","C","T","C","T",-0.04,0.000627954,0.2148,0.199129,FALSE,FALSE,FALSE,"t5ExGR",0.00131913,0.63,"outcome",TRUE,"reported","textfile","COPD","exposure","1",0.0301,0.1845,"COT",2,TRUE,NA
"rs2273500","C","T","C","T",0.0797,0.00264517,0.182,0.146226,FALSE,FALSE,FALSE,"t5ExGR",0.00148642,0.075,"outcome",TRUE,"reported","textfile","COPD","exposure","1",0.039,0.04091,"COT",2,TRUE,NA
"rs258321","G","A","G","A",0.0105,0.00174462,0.4031,0.419072,FALSE,FALSE,FALSE,"t5ExGR",0.00106268,0.1,"outcome",TRUE,"reported","textfile","COPD","exposure","1",0.0255,0.681,"COT",2,TRUE,NA
"rs2741351","C","A","C","A",-0.0415,-0.00171202,0.8192,0.829475,FALSE,FALSE,FALSE,"t5ExGR",0.00140212,0.22,"outcome",TRUE,"reported","textfile","COPD","exposure","1",0.0315,0.1882,"COT",2,TRUE,NA
"rs2971426","T","A","T","A",0.0086,0.00121588,0.7431,0.903254,FALSE,TRUE,FALSE,"t5ExGR",0.00178293,0.5,"outcome",TRUE,"reported","textfile","COPD","exposure","1",0.039,0.8264,"COT",2,TRUE,NA
"rs3025383","C","T","C","T",-0.0044,0.00145104,0.1689,0.185056,FALSE,FALSE,FALSE,"t5ExGR",0.00135697,0.28,"outcome",TRUE,"reported","textfile","COPD","exposure","1",0.0273,0.8712,"COT",2,TRUE,NA
"rs34973462","T","C","T","C",-0.0027,0.000354684,0.3664,0.340305,FALSE,FALSE,FALSE,"t5ExGR",0.0011103,0.75,"outcome",TRUE,"reported","textfile","COPD","exposure","1",0.0206,0.8963,"COT",2,TRUE,NA
"rs4144686","A","G","A","G",-0.0466,-0.00064107,0.1656,0.166113,FALSE,FALSE,FALSE,"t5ExGR",0.00141313,0.65,"outcome",TRUE,"reported","textfile","COPD","exposure","1",0.0272,0.08734,"COT",2,TRUE,NA
"rs4236926","G","T","G","T",-0.0506,9.96753e-05,0.7924,0.768075,FALSE,FALSE,FALSE,"t5ExGR",0.00124428,0.94,"outcome",TRUE,"reported","textfile","COPD","exposure","1",0.0303,0.09509,"COT",2,TRUE,NA
"rs4485470","A","G","A","G",-0.0274,0.000783842,0.5401,0.589059,FALSE,FALSE,FALSE,"t5ExGR",0.00106902,0.46,"outcome",TRUE,"reported","textfile","COPD","exposure","1",0.0252,0.2758,"COT",2,TRUE,NA
"rs56113850","C","T","C","T",-0.0912,0.00110621,0.5592,0.584236,FALSE,FALSE,FALSE,"t5ExGR",0.00106862,0.3,"outcome",TRUE,"reported","textfile","COPD","exposure","1",0.0276,0.0009633,"COT",2,TRUE,NA
"rs57064725","A","C","A","C",-0.2422,-0.00163141,0.248,0.224301,FALSE,FALSE,FALSE,"t5ExGR",0.00126291,0.2,"outcome",TRUE,"reported","textfile","COPD","exposure","1",0.0303,1.332e-15,"COT",2,TRUE,NA
"rs59208569","C","G","C","G",-0.004,0.00415523,0.7849,0.828674,FALSE,TRUE,FALSE,"t5ExGR",0.00141268,0.0033,"outcome",TRUE,"reported","textfile","COPD","exposure","1",0.038,0.9168,"COT",2,TRUE,NA
"rs6078373","A","G","A","G",-0.0156,0.00195381,0.3992,0.417083,FALSE,FALSE,FALSE,"t5ExGR",0.00106778,0.067,"outcome",TRUE,"reported","textfile","COPD","exposure","1",0.0207,0.4505,"COT",2,TRUE,NA
"rs62447179","A","G","A","G",-0.0094,0.000313181,0.3042,0.307081,FALSE,FALSE,FALSE,"t5ExGR",0.00114234,0.78,"outcome",TRUE,"reported","textfile","COPD","exposure","1",0.0216,0.6635,"COT",2,TRUE,NA
"rs632811","G","A","G","A",0.0042,-0.00234504,0.3931,0.332606,FALSE,FALSE,FALSE,"t5ExGR",0.00111927,0.036,"outcome",TRUE,"reported","textfile","COPD","exposure","1",0.0255,0.8683,"COT",2,TRUE,NA
"rs699165","G","A","G","A",0.047,0.00131866,0.7719,0.73931,FALSE,FALSE,FALSE,"t5ExGR",0.00119644,0.27,"outcome",TRUE,"reported","textfile","COPD","exposure","1",0.0304,0.1223,"COT",2,TRUE,NA
"rs7125588","G","A","G","A",-6e-04,-0.00254793,0.3964,0.447133,FALSE,FALSE,FALSE,"t5ExGR",0.00106107,0.016,"outcome",TRUE,"reported","textfile","COPD","exposure","1",0.0242,0.9788,"COT",2,TRUE,NA
"rs7174367","A","G","A","G",-0.1476,-0.000748894,0.6462,0.572408,FALSE,FALSE,FALSE,"t5ExGR",0.00106229,0.48,"outcome",TRUE,"reported","textfile","COPD","exposure","1",0.0283,1.751e-07,"COT",2,TRUE,NA
"rs7281463","C","A","C","A",-0.002,0.00144292,0.4006,0.43141,FALSE,FALSE,FALSE,"t5ExGR",0.0010657,0.18,"outcome",TRUE,"reported","textfile","COPD","exposure","1",0.0209,0.9229,"COT",2,TRUE,NA
"rs73229090","A","C","A","C",-0.0146,-0.00280381,0.1098,0.11293,FALSE,FALSE,FALSE,"t5ExGR",0.00167817,0.095,"outcome",TRUE,"reported","textfile","COPD","exposure","1",0.0333,0.661,"COT",2,TRUE,NA
"rs75596189","T","C","T","C",0.0039,0.00049523,0.1084,0.110173,FALSE,FALSE,FALSE,"t5ExGR",0.00168969,0.77,"outcome",TRUE,"reported","textfile","COPD","exposure","1",0.0359,0.9134,"COT",2,TRUE,NA
"rs7599488","T","C","T","C",0.0111,0.00092553,0.4501,0.421176,FALSE,FALSE,FALSE,"t5ExGR",0.00106847,0.39,"outcome",TRUE,"reported","textfile","COPD","exposure","1",0.02,0.5795,"COT",2,TRUE,NA
"rs7612459","C","A","C","A",0.0166,-0.000283822,0.6789,0.661211,FALSE,FALSE,FALSE,"t5ExGR",0.00110913,0.8,"outcome",TRUE,"reported","textfile","COPD","exposure","1",0.0265,0.5315,"COT",2,TRUE,NA
"rs77107237","G","A","G","A",0.2221,0.000768179,0.0959,0.097062,FALSE,FALSE,FALSE,"t5ExGR",0.00177374,0.66,"outcome",TRUE,"reported","textfile","COPD","exposure","1",0.0359,5.891e-10,"COT",2,TRUE,NA
"rs7766641","A","G","A","G",-0.033,-0.001444,0.3119,0.262491,FALSE,FALSE,FALSE,"t5ExGR",0.00120101,0.23,"outcome",TRUE,"reported","textfile","COPD","exposure","1",0.0228,0.1484,"COT",2,TRUE,NA
"rs77920005","A","G","A","G",0.0508,-0.00314521,0.0689,0.071402,FALSE,FALSE,FALSE,"t5ExGR",0.0020419,0.12,"outcome",TRUE,"reported","textfile","COPD","exposure","1",0.0522,0.33,"COT",2,TRUE,NA
"rs78408772","T","C","T","C",-0.0192,-0.00247577,0.0963,0.106601,FALSE,FALSE,FALSE,"t5ExGR",0.00172182,0.15,"outcome",TRUE,"reported","textfile","COPD","exposure","1",0.036,0.5939,"COT",2,TRUE,NA
"rs790564","C","A","C","A",-0.0024,-0.000739922,0.7317,0.719534,FALSE,FALSE,FALSE,"t5ExGR",0.00117656,0.53,"outcome",TRUE,"reported","textfile","COPD","exposure","1",0.0225,0.9147,"COT",2,TRUE,NA
"rs7951365","C","T","C","T",-0.008,-7.01684e-05,0.2998,0.309953,FALSE,FALSE,FALSE,"t5ExGR",0.00114732,0.95,"outcome",TRUE,"reported","textfile","COPD","exposure","1",0.0231,0.7288,"COT",2,TRUE,NA
