"SNP","effect_allele.exposure","other_allele.exposure","effect_allele.outcome","other_allele.outcome","beta.exposure","beta.outcome","eaf.exposure","eaf.outcome","remove","palindromic","ambiguous","id.outcome","se.outcome","pval.outcome","outcome","mr_keep.outcome","pval_origin.outcome","data_source.outcome","exposure","id.exposure","se.exposure","pval.exposure","Phenotype","action","mr_keep","samplesize.outcome"
"rs10204824","G","A","G","A",0.011894,0.0215311403144492,0.61016,0.661594,FALSE,FALSE,FALSE,"Ml4Afg",0.038565,0.5766325619,"outcome",TRUE,"reported","textfile","exposure","1",0.020443,0.560711,"NMR",2,TRUE,NA
"rs1024323","T","C","T","C",-0.021997,0.000352937710158493,0.443472,0.388738,FALSE,FALSE,FALSE,"Ml4Afg",0.063364,0.9955613848,"outcome",TRUE,"reported","textfile","exposure","1",0.020384,0.280517,"NMR",2,TRUE,NA
"rs10454798","T","G","T","G",-0.013897,-0.0771921078299808,0.298342,0.268918,FALSE,FALSE,FALSE,"Ml4Afg",0.039629,0.051429731,"outcome",TRUE,"reported","textfile","exposure","1",0.021674,0.521412,"NMR",2,TRUE,NA
"rs10519203","A","G","A","G",-0.001767,-0.0380402089399837,0.647412,0.637357,FALSE,FALSE,FALSE,"Ml4Afg",0.059608,0.5233622202,"outcome",TRUE,"reported","textfile","exposure","1",0.020937,0.932731,"NMR",2,TRUE,NA
"rs10742683","A","G","A","G",-0.013248,-0.00582895540044298,0.425776,0.408619,FALSE,FALSE,FALSE,"Ml4Afg",0.035801,0.8706705873,"outcome",TRUE,"reported","textfile","exposure","1",0.019814,0.503776,"NMR",2,TRUE,NA
"rs1115019","C","T","C","T",0.012673,0.0636738284254252,0.805411,0.760222,FALSE,FALSE,FALSE,"Ml4Afg",0.041533,0.1252477017,"outcome",TRUE,"reported","textfile","exposure","1",0.02499,0.612107,"NMR",2,TRUE,NA
"rs112292570","T","A","T","A",-1.071738,0.0340177782544441,0.021651,0.02437,FALSE,TRUE,FALSE,"Ml4Afg",0.124057,0.7839250689,"outcome",TRUE,"reported","textfile","exposure","1",0.069676,2.42e-53,"NMR",2,TRUE,NA
"rs11264100","G","A","G","A",0.032827,-0.0456987239217099,0.861219,0.878711,FALSE,FALSE,FALSE,"Ml4Afg",0.053873,0.3962915084,"outcome",TRUE,"reported","textfile","exposure","1",0.028143,0.24342,"NMR",2,TRUE,NA
"rs113001570","T","A","T","A",0.002228,-0.0817893989175696,0.051811,0.053144,FALSE,TRUE,FALSE,"Ml4Afg",0.079981,0.3064911123,"outcome",TRUE,"reported","textfile","exposure","1",0.046323,0.961627,"NMR",2,TRUE,NA
"rs11667314","C","T","C","T",0.604944,0.00699641795283143,0.681826,0.656976,FALSE,FALSE,FALSE,"Ml4Afg",0.039675,0.8600181142,"outcome",TRUE,"reported","textfile","exposure","1",0.020813,1.15e-185,"NMR",2,TRUE,NA
"rs117824460","G","A","G","A",-1.027822,0.0100443858358001,0.037001,0.031303,FALSE,FALSE,FALSE,"Ml4Afg",0.116255,0.9311465704,"outcome",TRUE,"reported","textfile","exposure","1",0.067626,4.03e-52,"NMR",2,TRUE,NA
"rs11846838","A","G","A","G",0.052901,0.03501959310104,0.382468,0.317084,FALSE,FALSE,FALSE,"Ml4Afg",0.038745,0.3660758001,"outcome",TRUE,"reported","textfile","exposure","1",0.020522,0.009963,"NMR",2,TRUE,NA
"rs11940255","A","G","A","G",-0.017886,0.027803972855671,0.715198,0.678455,FALSE,FALSE,FALSE,"Ml4Afg",0.048339,0.5651647222,"outcome",TRUE,"reported","textfile","exposure","1",0.021896,0.414008,"NMR",2,TRUE,NA
"rs12924872","T","C","T","C",-0.023578,0.00786796621628226,0.45315,0.46363,FALSE,FALSE,FALSE,"Ml4Afg",0.035584,0.8250054125,"outcome",TRUE,"reported","textfile","exposure","1",0.020052,0.239635,"NMR",2,TRUE,NA
"rs13253502","A","G","A","G",-0.016373,-0.0203180200882305,0.415811,0.39667,FALSE,FALSE,FALSE,"Ml4Afg",0.03659,0.5787027649,"outcome",TRUE,"reported","textfile","exposure","1",0.020093,0.415168,"NMR",2,TRUE,NA
"rs138279803","A","G","A","G",0.001239,0.0758556523035357,0.44753,0.515448,FALSE,FALSE,FALSE,"Ml4Afg",0.03492,0.0298349195,"outcome",TRUE,"reported","textfile","exposure","1",0.020008,0.950593,"NMR",2,TRUE,NA
"rs1592485","A","C","A","C",0.039078,0.00935663712417196,0.653504,0.612059,FALSE,FALSE,FALSE,"Ml4Afg",0.057572,0.8708985559,"outcome",TRUE,"reported","textfile","exposure","1",0.020784,0.060102,"NMR",2,TRUE,NA
"rs182317","T","G","T","G",-0.014149,-0.0385319104323519,0.35641,0.340329,FALSE,FALSE,FALSE,"Ml4Afg",0.036889,0.2962291496,"outcome",TRUE,"reported","textfile","exposure","1",0.020543,0.491015,"NMR",2,TRUE,NA
"rs2072659","G","C","G","C",-0.025345,0.0563094424545923,0.100146,0.101265,FALSE,TRUE,FALSE,"Ml4Afg",0.112427,0.6164768852,"outcome",TRUE,"reported","textfile","exposure","1",0.03472,0.465424,"NMR",2,TRUE,NA
"rs2084533","T","C","T","C",-0.013037,-0.0556120806178905,0.315534,0.319671,FALSE,FALSE,FALSE,"Ml4Afg",0.051516,0.2803560005,"outcome",TRUE,"reported","textfile","exposure","1",0.021155,0.537738,"NMR",2,TRUE,NA
"rs215600","A","G","A","G",-0.006431,-0.0143337787990434,0.683013,0.653241,FALSE,FALSE,FALSE,"Ml4Afg",0.037039,0.6987676748,"outcome",TRUE,"reported","textfile","exposure","1",0.021358,0.763334,"NMR",2,TRUE,NA
"rs2236951","C","T","C","T",-0.007727,-0.0223539992794172,0.226592,0.203033,FALSE,FALSE,FALSE,"Ml4Afg",0.048647,0.6458658489,"outcome",TRUE,"reported","textfile","exposure","1",0.024094,0.748448,"NMR",2,TRUE,NA
"rs2273500","C","T","C","T",0.012892,0.007358857071838,0.203062,0.150307,FALSE,FALSE,FALSE,"Ml4Afg",0.067305,0.9129304316,"outcome",TRUE,"reported","textfile","exposure","1",0.025081,0.607276,"NMR",2,TRUE,NA
"rs258321","G","A","G","A",-0.012665,0.0233160558145874,0.398149,0.466466,FALSE,FALSE,FALSE,"Ml4Afg",0.042683,0.5848900715,"outcome",TRUE,"reported","textfile","exposure","1",0.02047,0.53611,"NMR",2,TRUE,NA
"rs2741351","C","A","C","A",0.036242,0.0196967129053068,0.808671,0.827538,FALSE,FALSE,FALSE,"Ml4Afg",0.078312,0.8014171716,"outcome",TRUE,"reported","textfile","exposure","1",0.02516,0.14972,"NMR",2,TRUE,NA
"rs3025383","C","T","C","T",0.003227,0.0611600078834987,0.164274,0.184947,FALSE,FALSE,FALSE,"Ml4Afg",0.073297,0.4040451659,"outcome",TRUE,"reported","textfile","exposure","1",0.026269,0.902201,"NMR",2,TRUE,NA
"rs3181842","T","C","T","C",-0.25454,-0.0306572278773763,0.601612,0.623698,FALSE,FALSE,FALSE,"Ml4Afg",0.036998,0.4073221666,"outcome",TRUE,"reported","textfile","exposure","1",0.020665,7.97e-35,"NMR",2,TRUE,NA
"rs4144686","A","G","A","G",0.008224,0.091138764262779,0.152545,0.170771,FALSE,FALSE,FALSE,"Ml4Afg",0.046335,0.049188422,"outcome",TRUE,"reported","textfile","exposure","1",0.02737,0.763817,"NMR",2,TRUE,NA
"rs4236926","G","T","G","T",0.005356,0.0665608312956689,0.776219,0.767336,FALSE,FALSE,FALSE,"Ml4Afg",0.072334,0.3574721902,"outcome",TRUE,"reported","textfile","exposure","1",0.024041,0.823688,"NMR",2,TRUE,NA
"rs4485470","A","G","A","G",0.024014,0.0284931003036316,0.556112,0.589183,FALSE,FALSE,FALSE,"Ml4Afg",0.03569,0.4246645728,"outcome",TRUE,"reported","textfile","exposure","1",0.019858,0.226533,"NMR",2,TRUE,NA
"rs56113850","C","T","C","T",0.682499,-0.00377685868149681,0.552548,0.563192,FALSE,FALSE,FALSE,"Ml4Afg",0.039801,0.9243938267,"outcome",TRUE,"reported","textfile","exposure","1",0.019773,1e-200,"NMR",2,TRUE,NA
"rs59208569","C","G","C","G",-0.030544,-0.0260068705261586,0.832807,0.820903,FALSE,TRUE,FALSE,"Ml4Afg",0.047777,0.5862140194,"outcome",TRUE,"reported","textfile","exposure","1",0.031452,0.331473,"NMR",2,TRUE,NA
"rs6078373","A","G","A","G",0.006552,-0.00657456516715458,0.415212,0.405016,FALSE,FALSE,FALSE,"Ml4Afg",0.03569,0.8538538462,"outcome",TRUE,"reported","textfile","exposure","1",0.019879,0.741708,"NMR",2,TRUE,NA
"rs62447179","A","G","A","G",0.02218,-0.00164535285092791,0.296126,0.298392,FALSE,FALSE,FALSE,"Ml4Afg",0.038396,0.965811588,"outcome",TRUE,"reported","textfile","exposure","1",0.021571,0.303818,"NMR",2,TRUE,NA
"rs632811","G","A","G","A",0.02762,-0.00676986390437363,0.416375,0.322311,FALSE,FALSE,FALSE,"Ml4Afg",0.038083,0.8589132386,"outcome",TRUE,"reported","textfile","exposure","1",0.020468,0.17719,"NMR",2,TRUE,NA
"rs6682194","T","C","T","C",0.020323,-0.0640714302415102,0.367526,0.338718,FALSE,FALSE,FALSE,"Ml4Afg",0.072382,0.376063583,"outcome",TRUE,"reported","textfile","exposure","1",0.021303,0.340062,"NMR",2,TRUE,NA
"rs699165","G","A","G","A",0.007865,0.00432232781473865,0.794735,0.741372,FALSE,FALSE,FALSE,"Ml4Afg",0.065563,0.9474359542,"outcome",TRUE,"reported","textfile","exposure","1",0.025106,0.754089,"NMR",2,TRUE,NA
"rs7125588","G","A","G","A",-0.027389,-0.05195351228343,0.349022,0.425628,FALSE,FALSE,FALSE,"Ml4Afg",0.061842,0.4008559208,"outcome",TRUE,"reported","textfile","exposure","1",0.020916,0.190349,"NMR",2,TRUE,NA
"rs7127006","A","G","A","G",0.005536,0.00596318481927142,0.285987,0.298872,FALSE,FALSE,FALSE,"Ml4Afg",0.068598,0.9307332064,"outcome",TRUE,"reported","textfile","exposure","1",0.022029,0.801577,"NMR",2,TRUE,NA
"rs7281463","C","A","C","A",-0.008731,-0.0212338510083916,0.355149,0.40278,FALSE,FALSE,FALSE,"Ml4Afg",0.068561,0.7567896451,"outcome",TRUE,"reported","textfile","exposure","1",0.021259,0.681301,"NMR",2,TRUE,NA
"rs73229090","A","C","A","C",-0.036898,0.0143988374010949,0.106708,0.111963,FALSE,FALSE,FALSE,"Ml4Afg",0.088753,0.8711216956,"outcome",TRUE,"reported","textfile","exposure","1",0.032218,0.252077,"NMR",2,TRUE,NA
"rs7431710","A","G","A","G",-0.038252,0.0381121278610873,0.665773,0.649715,FALSE,FALSE,FALSE,"Ml4Afg",0.036732,0.2994757295,"outcome",TRUE,"reported","textfile","exposure","1",0.021091,0.069731,"NMR",2,TRUE,NA
"rs75596189","T","C","T","C",0.004094,-0.17064954057514,0.07565,0.099206,FALSE,FALSE,FALSE,"Ml4Afg",0.111855,0.1271022239,"outcome",TRUE,"reported","textfile","exposure","1",0.039684,0.917819,"NMR",2,TRUE,NA
"rs7599488","T","C","T","C",-0.006585,-0.0064417032919761,0.466476,0.420665,FALSE,FALSE,FALSE,"Ml4Afg",0.035895,0.8575721179,"outcome",TRUE,"reported","textfile","exposure","1",0.019645,0.737469,"NMR",2,TRUE,NA
"rs7766641","A","G","A","G",0.053899,-0.0316227707599167,0.336124,0.302119,FALSE,FALSE,FALSE,"Ml4Afg",0.068284,0.6432907953,"outcome",TRUE,"reported","textfile","exposure","1",0.021077,0.010571,"NMR",2,TRUE,NA
"rs78408772","T","C","T","C",0.004676,-0.00683933502279102,0.0829,0.107933,FALSE,FALSE,FALSE,"Ml4Afg",0.05872,0.90727221,"outcome",TRUE,"reported","textfile","exposure","1",0.036815,0.898905,"NMR",2,TRUE,NA
"rs790564","C","A","C","A",-0.014791,0.00310682117477104,0.739047,0.733137,FALSE,FALSE,FALSE,"Ml4Afg",0.06368,0.9610896779,"outcome",TRUE,"reported","textfile","exposure","1",0.0227,0.514688,"NMR",2,TRUE,NA
"rs10204824","G","A","G","A",-0.0306308132459838,0.0215311403144492,0.643,0.661594,FALSE,FALSE,FALSE,"Ml4Afg",0.038565,0.5766325619,"outcome",TRUE,"reported","textfile","exposure","2",0.00571765015970655,8.34e-08,"CPD",2,TRUE,NA
"rs1024323","T","C","T","C",-0.0278996042208966,0.000352937710158493,0.387,0.388738,FALSE,FALSE,FALSE,"Ml4Afg",0.063364,0.9955613848,"outcome",TRUE,"reported","textfile","exposure","2",0.00565971947305608,8.3e-07,"CPD",2,TRUE,NA
"rs10454798","T","G","T","G",0.0229475039064134,-0.0771921078299808,0.264,0.268918,FALSE,FALSE,FALSE,"Ml4Afg",0.039629,0.051429731,"outcome",TRUE,"reported","textfile","exposure","2",0.00634015396744474,0.000301,"CPD",2,TRUE,NA
"rs10519203","A","G","A","G",-0.182050742576567,-0.0380402089399837,0.664,0.637357,FALSE,FALSE,FALSE,"Ml4Afg",0.059608,0.5233622202,"outcome",TRUE,"reported","textfile","exposure","2",0.00587260459924411,1e-200,"CPD",2,TRUE,NA
"rs10742683","A","G","A","G",-0.0260841770488397,-0.00582895540044298,0.409,0.408619,FALSE,FALSE,FALSE,"Ml4Afg",0.035801,0.8706705873,"outcome",TRUE,"reported","textfile","exposure","2",0.00558661692245965,2.96e-06,"CPD",2,TRUE,NA
"rs1115019","C","T","C","T",-0.0316489258240665,0.0636738284254252,0.75,0.760222,FALSE,FALSE,FALSE,"Ml4Afg",0.041533,0.1252477017,"outcome",TRUE,"reported","textfile","exposure","2",0.00679405577077961,3.15e-06,"CPD",2,TRUE,NA
"rs112292570","T","A","T","A",-0.226471417702417,0.0340177782544441,0.0214,0.02437,FALSE,TRUE,FALSE,"Ml4Afg",0.124057,0.7839250689,"outcome",TRUE,"reported","textfile","exposure","2",0.0174208782848013,1.49e-38,"CPD",2,TRUE,NA
"rs11264100","G","A","G","A",-0.039138835250838,-0.0456987239217099,0.847,0.878711,FALSE,FALSE,FALSE,"Ml4Afg",0.053873,0.3962915084,"outcome",TRUE,"reported","textfile","exposure","2",0.00832552751251473,2.62e-06,"CPD",2,TRUE,NA
"rs113001570","T","A","T","A",0.0599531474337986,-0.0817893989175696,0.0551,0.053144,FALSE,TRUE,FALSE,"Ml4Afg",0.079981,0.3064911123,"outcome",TRUE,"reported","textfile","exposure","2",0.0109641859777402,4.57e-08,"CPD",2,TRUE,NA
"rs11667314","C","T","C","T",0.0833863769912741,0.00699641795283143,0.661,0.656976,FALSE,FALSE,FALSE,"Ml4Afg",0.039675,0.8600181142,"outcome",TRUE,"reported","textfile","exposure","2",0.00585257632113699,4.75e-46,"CPD",2,TRUE,NA
"rs117824460","G","A","G","A",-0.23081814189775,0.0100443858358001,0.0234,0.031303,FALSE,FALSE,FALSE,"Ml4Afg",0.116255,0.9311465704,"outcome",TRUE,"reported","textfile","exposure","2",0.0176511044713706,3.53e-39,"CPD",2,TRUE,NA
"rs11846838","A","G","A","G",0.0309379735246929,0.03501959310104,0.313,0.317084,FALSE,FALSE,FALSE,"Ml4Afg",0.038745,0.3660758001,"outcome",TRUE,"reported","textfile","exposure","2",0.00586772113245805,1.32e-07,"CPD",2,TRUE,NA
"rs11940255","A","G","A","G",-0.0355365488480201,0.027803972855671,0.698,0.678455,FALSE,FALSE,FALSE,"Ml4Afg",0.048339,0.5651647222,"outcome",TRUE,"reported","textfile","exposure","2",0.00613063711447648,6.86e-09,"CPD",2,TRUE,NA
"rs12924872","T","C","T","C",-0.0254516732137424,0.00786796621628226,0.445,0.46363,FALSE,FALSE,FALSE,"Ml4Afg",0.035584,0.8250054125,"outcome",TRUE,"reported","textfile","exposure","2",0.00554083363866245,4.32e-06,"CPD",2,TRUE,NA
"rs13253502","A","G","A","G",-0.00966142244039606,-0.0203180200882305,0.391,0.39667,FALSE,FALSE,FALSE,"Ml4Afg",0.03659,0.5787027649,"outcome",TRUE,"reported","textfile","exposure","2",0.00559671174946865,0.0844,"CPD",2,TRUE,NA
"rs138279803","A","G","A","G",-0.0283939074435868,0.0758556523035357,0.471,0.515448,FALSE,FALSE,FALSE,"Ml4Afg",0.03492,0.0298349195,"outcome",TRUE,"reported","textfile","exposure","2",0.00550534251771905,2.47e-07,"CPD",2,TRUE,NA
"rs1592485","A","C","A","C",-0.0316903982492708,0.00935663712417196,0.623,0.612059,FALSE,FALSE,FALSE,"Ml4Afg",0.057572,0.8708985559,"outcome",TRUE,"reported","textfile","exposure","2",0.00566442105187739,2.18e-08,"CPD",2,TRUE,NA
"rs182317","T","G","T","G",-0.0311763761201948,-0.0385319104323519,0.342,0.340329,FALSE,FALSE,FALSE,"Ml4Afg",0.036889,0.2962291496,"outcome",TRUE,"reported","textfile","exposure","2",0.00582965180258953,8.75e-08,"CPD",2,TRUE,NA
"rs2072659","G","C","G","C",-0.0652517704747814,0.0563094424545923,0.105,0.101265,FALSE,TRUE,FALSE,"Ml4Afg",0.112427,0.6164768852,"outcome",TRUE,"reported","textfile","exposure","2",0.00924650541835551,1.71e-12,"CPD",2,TRUE,NA
"rs2084533","T","C","T","C",0.033640551652225,-0.0556120806178905,0.319,0.319671,FALSE,FALSE,FALSE,"Ml4Afg",0.051516,0.2803560005,"outcome",TRUE,"reported","textfile","exposure","2",0.00590094312009926,1.22e-08,"CPD",2,TRUE,NA
"rs215600","A","G","A","G",-0.0492502940074077,-0.0143337787990434,0.64,0.653241,FALSE,FALSE,FALSE,"Ml4Afg",0.037039,0.6987676748,"outcome",TRUE,"reported","textfile","exposure","2",0.00575250281826636,1.1e-17,"CPD",2,TRUE,NA
"rs2236951","C","T","C","T",-0.032859299900389,-0.0223539992794172,0.223,0.203033,FALSE,FALSE,FALSE,"Ml4Afg",0.048647,0.6458658489,"outcome",TRUE,"reported","textfile","exposure","2",0.00688162309350342,1.79e-06,"CPD",2,TRUE,NA
"rs2273500","C","T","C","T",0.0680938327499577,0.007358857071838,0.159,0.150307,FALSE,FALSE,FALSE,"Ml4Afg",0.067305,0.9129304316,"outcome",TRUE,"reported","textfile","exposure","2",0.00779552755012684,2.47e-18,"CPD",2,TRUE,NA
"rs258321","G","A","G","A",0.03304801035013,0.0233160558145874,0.433,0.466466,FALSE,FALSE,FALSE,"Ml4Afg",0.042683,0.5848900715,"outcome",TRUE,"reported","textfile","exposure","2",0.00559413064321536,3.43e-09,"CPD",2,TRUE,NA
"rs2741351","C","A","C","A",0.0404917382391566,0.0196967129053068,0.803,0.827538,FALSE,FALSE,FALSE,"Ml4Afg",0.078312,0.8014171716,"outcome",TRUE,"reported","textfile","exposure","2",0.00726082929021333,2.44e-08,"CPD",2,TRUE,NA
"rs3025383","C","T","C","T",-0.0578394138290392,0.0611600078834987,0.18,0.184947,FALSE,FALSE,FALSE,"Ml4Afg",0.073297,0.4040451659,"outcome",TRUE,"reported","textfile","exposure","2",0.00704520986759372,2.22e-16,"CPD",2,TRUE,NA
"rs3181842","T","C","T","C",-0.0351778974572716,-0.0306572278773763,0.615,0.623698,FALSE,FALSE,FALSE,"Ml4Afg",0.036998,0.4073221666,"outcome",TRUE,"reported","textfile","exposure","2",0.00567680879194188,5.69e-10,"CPD",2,TRUE,NA
"rs4144686","A","G","A","G",-0.0372369045400867,0.091138764262779,0.163,0.170771,FALSE,FALSE,FALSE,"Ml4Afg",0.046335,0.049188422,"outcome",TRUE,"reported","textfile","exposure","2",0.00734525723718705,4.05e-07,"CPD",2,TRUE,NA
"rs4236926","G","T","G","T",0.066622850447458,0.0665608312956689,0.748,0.767336,FALSE,FALSE,FALSE,"Ml4Afg",0.072334,0.3574721902,"outcome",TRUE,"reported","textfile","exposure","2",0.00650172446117135,1.1e-24,"CPD",2,TRUE,NA
"rs4485470","A","G","A","G",-0.0297317199665422,0.0284931003036316,0.597,0.589183,FALSE,FALSE,FALSE,"Ml4Afg",0.03569,0.4246645728,"outcome",TRUE,"reported","textfile","exposure","2",0.00559880677564009,1.08e-07,"CPD",2,TRUE,NA
"rs56113850","C","T","C","T",0.107204606428534,-0.00377685868149681,0.568,0.563192,FALSE,FALSE,FALSE,"Ml4Afg",0.039801,0.9243938267,"outcome",TRUE,"reported","textfile","exposure","2",0.00560367454568213,1.1e-81,"CPD",2,TRUE,NA
"rs59208569","C","G","C","G",0.0397174232002341,-0.0260068705261586,0.807,0.820903,FALSE,TRUE,FALSE,"Ml4Afg",0.047777,0.5862140194,"outcome",TRUE,"reported","textfile","exposure","2",0.00736265702092549,6.84e-08,"CPD",2,TRUE,NA
"rs6078373","A","G","A","G",0.0280824685243831,-0.00657456516715458,0.393,0.405016,FALSE,FALSE,FALSE,"Ml4Afg",0.03569,0.8538538462,"outcome",TRUE,"reported","textfile","exposure","2",0.00561649370487662,5.82e-07,"CPD",2,TRUE,NA
"rs62447179","A","G","A","G",-0.025836107969005,-0.00164535285092791,0.3,0.298392,FALSE,FALSE,FALSE,"Ml4Afg",0.038396,0.965811588,"outcome",TRUE,"reported","textfile","exposure","2",0.0060067730914544,1.68e-05,"CPD",2,TRUE,NA
"rs632811","G","A","G","A",-0.0367136736828143,-0.00676986390437363,0.351,0.322311,FALSE,FALSE,FALSE,"Ml4Afg",0.038083,0.8589132386,"outcome",TRUE,"reported","textfile","exposure","2",0.00641048549226895,1.03e-08,"CPD",2,TRUE,NA
"rs6682194","T","C","T","C",0.0301095016647977,-0.0640714302415102,0.348,0.338718,FALSE,FALSE,FALSE,"Ml4Afg",0.072382,0.376063583,"outcome",TRUE,"reported","textfile","exposure","2",0.00587118403052105,2.96e-07,"CPD",2,TRUE,NA
"rs699165","G","A","G","A",0.0335372309442864,0.00432232781473865,0.74,0.741372,FALSE,FALSE,FALSE,"Ml4Afg",0.065563,0.9474359542,"outcome",TRUE,"reported","textfile","exposure","2",0.00631542595108447,1.1e-07,"CPD",2,TRUE,NA
"rs7125588","G","A","G","A",-0.0326768754357945,-0.05195351228343,0.408,0.425628,FALSE,FALSE,FALSE,"Ml4Afg",0.061842,0.4008559208,"outcome",TRUE,"reported","textfile","exposure","2",0.00556328072390204,4.27e-09,"CPD",2,TRUE,NA
"rs7127006","A","G","A","G",0.0389511126972512,0.00596318481927142,0.306,0.298872,FALSE,FALSE,FALSE,"Ml4Afg",0.068598,0.9307332064,"outcome",TRUE,"reported","textfile","exposure","2",0.0059678111139577,6.63e-11,"CPD",2,TRUE,NA
"rs7281463","C","A","C","A",0.0238107035083005,-0.0212338510083916,0.401,0.40278,FALSE,FALSE,FALSE,"Ml4Afg",0.068561,0.7567896451,"outcome",TRUE,"reported","textfile","exposure","2",0.00559671174946865,2.08e-05,"CPD",2,TRUE,NA
"rs73229090","A","C","A","C",0.05548948452185,0.0143988374010949,0.113,0.111963,FALSE,FALSE,FALSE,"Ml4Afg",0.088753,0.8711216956,"outcome",TRUE,"reported","textfile","exposure","2",0.00876271131206941,2.44e-10,"CPD",2,TRUE,NA
"rs7431710","A","G","A","G",-0.0349578813290956,0.0381121278610873,0.644,0.649715,FALSE,FALSE,FALSE,"Ml4Afg",0.036732,0.2994757295,"outcome",TRUE,"reported","textfile","exposure","2",0.00581019647402967,1.82e-09,"CPD",2,TRUE,NA
"rs75596189","T","C","T","C",0.0656428260707534,-0.17064954057514,0.0954,0.099206,FALSE,FALSE,FALSE,"Ml4Afg",0.111855,0.1271022239,"outcome",TRUE,"reported","textfile","exposure","2",0.00869460471399058,4.46e-14,"CPD",2,TRUE,NA
"rs7599488","T","C","T","C",0.0264142694586241,-0.0064417032919761,0.434,0.420665,FALSE,FALSE,FALSE,"Ml4Afg",0.035895,0.8575721179,"outcome",TRUE,"reported","textfile","exposure","2",0.00554403132254949,1.89e-06,"CPD",2,TRUE,NA
"rs7766641","A","G","A","G",-0.0345361650560973,-0.0316227707599167,0.291,0.302119,FALSE,FALSE,FALSE,"Ml4Afg",0.068284,0.6432907953,"outcome",TRUE,"reported","textfile","exposure","2",0.00624328841409988,3.2e-08,"CPD",2,TRUE,NA
"rs78408772","T","C","T","C",-0.0432348892037441,-0.00683933502279102,0.11,0.107933,FALSE,FALSE,FALSE,"Ml4Afg",0.05872,0.90727221,"outcome",TRUE,"reported","textfile","exposure","2",0.00913503764081507,2.16e-06,"CPD",2,TRUE,NA
"rs790564","C","A","C","A",-0.0408926927090551,0.00310682117477104,0.719,0.733137,FALSE,FALSE,FALSE,"Ml4Afg",0.06368,0.9610896779,"outcome",TRUE,"reported","textfile","exposure","2",0.00619301974073314,3.97e-11,"CPD",2,TRUE,NA
