"SNP","effect_allele.exposure","other_allele.exposure","effect_allele.outcome","other_allele.outcome","beta.exposure","beta.outcome","eaf.exposure","eaf.outcome","remove","palindromic","ambiguous","id.outcome","se.outcome","pval.outcome","outcome","mr_keep.outcome","pval_origin.outcome","data_source.outcome","Phenotype.x","Phenotype_5e6","exposure","id.exposure","se.exposure","pval.exposure","Phenotype.y","action","mr_keep","samplesize.outcome"
"rs1024323","T","C","T","C",-0.0278996042208966,-0.00495626200024802,0.387,0.387959,FALSE,FALSE,FALSE,"PQ5Enn",0.015225,0.7447777766,"outcome",TRUE,"reported","textfile","LungCancer","LungCancer","exposure","2",0.00565971947305608,8.3e-07,"CPD",2,TRUE,NA
"rs10454798","T","G","T","G",0.0229475039064134,0.011935487837399,0.264,0.271536,FALSE,FALSE,FALSE,"PQ5Enn",0.016595,0.4719923683,"outcome",TRUE,"reported","textfile","LungCancer","LungCancer","exposure","2",0.00634015396744474,0.000301,"CPD",2,TRUE,NA
"rs10742683","A","G","A","G",-0.0260841770488397,-0.0142490370657255,0.409,0.40951,FALSE,FALSE,FALSE,"PQ5Enn",0.0152,0.3485410218,"outcome",TRUE,"reported","textfile","LungCancer","LungCancer","exposure","2",0.00558661692245965,2.96e-06,"CPD",2,TRUE,NA
"rs1115019","C","T","C","T",-0.0316489258240665,-0.047689558725399,0.75,0.76612,FALSE,FALSE,FALSE,"PQ5Enn",0.017728,0.0071438095,"outcome",TRUE,"reported","textfile","LungCancer","LungCancer","exposure","2",0.00679405577077961,3.15e-06,"CPD",2,TRUE,NA
"rs11846838","A","G","A","G",0.0309379735246929,0.0497106927339303,0.313,0.328202,FALSE,FALSE,FALSE,"PQ5Enn",0.021574,0.0212111041,"outcome",TRUE,"reported","textfile","LungCancer","LungCancer","exposure","2",0.00586772113245805,1.32e-07,"CPD",2,TRUE,NA
"rs12924872","T","C","T","C",-0.0254516732137424,-0.0271687506915775,0.445,0.463465,FALSE,FALSE,FALSE,"PQ5Enn",0.015051,0.0710585864,"outcome",TRUE,"reported","textfile","LungCancer","LungCancer","exposure","2",0.00554083363866245,4.32e-06,"CPD",2,TRUE,NA
"rs13253502","A","G","A","G",-0.00966142244039606,0.0156528524077238,0.391,0.397595,FALSE,FALSE,FALSE,"PQ5Enn",0.015628,0.3165551047,"outcome",TRUE,"reported","textfile","LungCancer","LungCancer","exposure","2",0.00559671174946865,0.0844,"CPD",2,TRUE,NA
"rs143200968","C","G","C","G",-0.229512797835239,-0.251019757414916,0.0201,0.019381,FALSE,TRUE,FALSE,"PQ5Enn",0.06191,5.02273e-05,"outcome",TRUE,"reported","textfile","LungCancer","LungCancer","exposure","2",0.0175512823160191,4.64e-39,"CPD",2,TRUE,NA
"rs1592485","A","C","A","C",-0.0316903982492708,-0.0216430894689087,0.623,0.612165,FALSE,FALSE,FALSE,"PQ5Enn",0.015155,0.1532595033,"outcome",TRUE,"reported","textfile","LungCancer","LungCancer","exposure","2",0.00566442105187739,2.18e-08,"CPD",2,TRUE,NA
"rs182317","T","G","T","G",-0.0311763761201948,-0.0487922141715333,0.342,0.343587,FALSE,FALSE,FALSE,"PQ5Enn",0.020898,0.0195551826,"outcome",TRUE,"reported","textfile","LungCancer","LungCancer","exposure","2",0.00582965180258953,8.75e-08,"CPD",2,TRUE,NA
"rs2072659","G","C","G","C",-0.0652517704747814,-0.0657969125800662,0.105,0.098161,FALSE,TRUE,FALSE,"PQ5Enn",0.043788,0.1329329897,"outcome",TRUE,"reported","textfile","LungCancer","LungCancer","exposure","2",0.00924650541835551,1.71e-12,"CPD",2,TRUE,NA
"rs2084533","T","C","T","C",0.033640551652225,0.0422689471791665,0.319,0.324449,FALSE,FALSE,FALSE,"PQ5Enn",0.01585,0.0076567578,"outcome",TRUE,"reported","textfile","LungCancer","LungCancer","exposure","2",0.00590094312009926,1.22e-08,"CPD",2,TRUE,NA
"rs215600","A","G","A","G",-0.0492502940074077,-0.0486577744539193,0.64,0.650577,FALSE,FALSE,FALSE,"PQ5Enn",0.020843,0.0195721628,"outcome",TRUE,"reported","textfile","LungCancer","LungCancer","exposure","2",0.00575250281826636,1.1e-17,"CPD",2,TRUE,NA
"rs2236951","C","T","C","T",-0.032859299900389,-0.0322246825448449,0.223,0.204114,FALSE,FALSE,FALSE,"PQ5Enn",0.018384,0.079624004,"outcome",TRUE,"reported","textfile","LungCancer","LungCancer","exposure","2",0.00688162309350342,1.79e-06,"CPD",2,TRUE,NA
"rs258321","G","A","G","A",0.03304801035013,0.00416531302656183,0.433,0.453536,FALSE,FALSE,FALSE,"PQ5Enn",0.015158,0.7834669677,"outcome",TRUE,"reported","textfile","LungCancer","LungCancer","exposure","2",0.00559413064321536,3.43e-09,"CPD",2,TRUE,NA
"rs2741351","C","A","C","A",0.0404917382391566,0.0530179386265685,0.803,0.820385,FALSE,FALSE,FALSE,"PQ5Enn",0.019353,0.0061535426,"outcome",TRUE,"reported","textfile","LungCancer","LungCancer","exposure","2",0.00726082929021333,2.44e-08,"CPD",2,TRUE,NA
"rs2971426","T","A","T","A",-0.039138835250838,-0.0327653063934333,0.847,0.888948,FALSE,TRUE,FALSE,"PQ5Enn",0.037104,0.3771932301,"outcome",TRUE,"reported","textfile","LungCancer","LungCancer","exposure","2",0.00832552751251473,2.62e-06,"CPD",2,TRUE,NA
"rs34973462","T","C","T","C",0.0301095016647977,0.0278272068077607,0.348,0.361016,FALSE,FALSE,FALSE,"PQ5Enn",0.024009,0.246448772,"outcome",TRUE,"reported","textfile","LungCancer","LungCancer","exposure","2",0.00587118403052105,2.96e-07,"CPD",2,TRUE,NA
"rs4144686","A","G","A","G",-0.0372369045400867,-0.0334140843003138,0.163,0.165084,FALSE,FALSE,FALSE,"PQ5Enn",0.019953,0.0939966654,"outcome",TRUE,"reported","textfile","LungCancer","LungCancer","exposure","2",0.00734525723718705,4.05e-07,"CPD",2,TRUE,NA
"rs4236926","G","T","G","T",0.066622850447458,0.0291610813429874,0.748,0.774702,FALSE,FALSE,FALSE,"PQ5Enn",0.01912,0.1272204829,"outcome",TRUE,"reported","textfile","LungCancer","LungCancer","exposure","2",0.00650172446117135,1.1e-24,"CPD",2,TRUE,NA
"rs4485470","A","G","A","G",-0.0297317199665422,-0.0225996922524266,0.597,0.583054,FALSE,FALSE,FALSE,"PQ5Enn",0.015048,0.1331361515,"outcome",TRUE,"reported","textfile","LungCancer","LungCancer","exposure","2",0.00559880677564009,1.08e-07,"CPD",2,TRUE,NA
"rs56113850","C","T","C","T",0.107204606428534,0.128648476344863,0.568,0.564992,FALSE,FALSE,FALSE,"PQ5Enn",0.017759,4.350942e-13,"outcome",TRUE,"reported","textfile","LungCancer","LungCancer","exposure","2",0.00560367454568213,1.1e-81,"CPD",2,TRUE,NA
"rs57064725","A","C","A","C",-0.151083533061782,-0.255732602626483,0.246,0.213099,FALSE,FALSE,FALSE,"PQ5Enn",0.018452,1.117985e-43,"outcome",TRUE,"reported","textfile","LungCancer","LungCancer","exposure","2",0.0067297954464348,1.43e-111,"CPD",2,TRUE,NA
"rs59208569","C","G","C","G",0.0397174232002341,0.000839352157487233,0.807,0.820946,FALSE,TRUE,FALSE,"PQ5Enn",0.020641,0.9675799938,"outcome",TRUE,"reported","textfile","LungCancer","LungCancer","exposure","2",0.00736265702092549,6.84e-08,"CPD",2,TRUE,NA
"rs6078373","A","G","A","G",0.0280824685243831,0.0275665277178053,0.393,0.404186,FALSE,FALSE,FALSE,"PQ5Enn",0.017661,0.118568178,"outcome",TRUE,"reported","textfile","LungCancer","LungCancer","exposure","2",0.00561649370487662,5.82e-07,"CPD",2,TRUE,NA
"rs62447179","A","G","A","G",-0.025836107969005,0.00500744181053926,0.3,0.292422,FALSE,FALSE,FALSE,"PQ5Enn",0.016311,0.7588631354,"outcome",TRUE,"reported","textfile","LungCancer","LungCancer","exposure","2",0.0060067730914544,1.68e-05,"CPD",2,TRUE,NA
"rs632811","G","A","G","A",-0.0367136736828143,0.00458148893359455,0.351,0.331355,FALSE,FALSE,FALSE,"PQ5Enn",0.016072,0.7756192458,"outcome",TRUE,"reported","textfile","LungCancer","LungCancer","exposure","2",0.00641048549226895,1.03e-08,"CPD",2,TRUE,NA
"rs7125588","G","A","G","A",-0.0326768754357945,-0.0253342183753499,0.408,0.419219,FALSE,FALSE,FALSE,"PQ5Enn",0.015051,0.0923287273,"outcome",TRUE,"reported","textfile","LungCancer","LungCancer","exposure","2",0.00556328072390204,4.27e-09,"CPD",2,TRUE,NA
"rs7174367","A","G","A","G",-0.101198471284922,-0.189068743251197,0.564,0.570739,FALSE,FALSE,FALSE,"PQ5Enn",0.019808,1.362043e-21,"outcome",TRUE,"reported","textfile","LungCancer","LungCancer","exposure","2",0.00561348118794393,9.84e-73,"CPD",2,TRUE,NA
"rs7281463","C","A","C","A",0.0238107035083005,0.00956015573485448,0.401,0.402854,FALSE,FALSE,FALSE,"PQ5Enn",0.01519,0.5291066885,"outcome",TRUE,"reported","textfile","LungCancer","LungCancer","exposure","2",0.00559671174946865,2.08e-05,"CPD",2,TRUE,NA
"rs73229090","A","C","A","C",0.05548948452185,-0.097190646774588,0.113,0.107312,FALSE,FALSE,FALSE,"PQ5Enn",0.024567,7.61517e-05,"outcome",TRUE,"reported","textfile","LungCancer","LungCancer","exposure","2",0.00876271131206941,2.44e-10,"CPD",2,TRUE,NA
"rs75596189","T","C","T","C",0.0656428260707534,0.0788564659053564,0.0954,0.100976,FALSE,FALSE,FALSE,"PQ5Enn",0.031467,0.0122101972,"outcome",TRUE,"reported","textfile","LungCancer","LungCancer","exposure","2",0.00869460471399058,4.46e-14,"CPD",2,TRUE,NA
"rs7596180","G","A","G","A",-0.0306308132459838,-0.00576137138069458,0.643,0.663911,FALSE,FALSE,FALSE,"PQ5Enn",0.020928,0.7831032932,"outcome",TRUE,"reported","textfile","LungCancer","LungCancer","exposure","2",0.00571765015970655,8.34e-08,"CPD",2,TRUE,NA
"rs7599488","T","C","T","C",0.0264142694586241,0.0151339026047159,0.434,0.433751,FALSE,FALSE,FALSE,"PQ5Enn",0.019519,0.4381304847,"outcome",TRUE,"reported","textfile","LungCancer","LungCancer","exposure","2",0.00554403132254949,1.89e-06,"CPD",2,TRUE,NA
"rs7612459","C","A","C","A",-0.0349578813290956,-0.0455917212666045,0.644,0.651733,FALSE,FALSE,FALSE,"PQ5Enn",0.015641,0.0035580129,"outcome",TRUE,"reported","textfile","LungCancer","LungCancer","exposure","2",0.00581019647402967,1.82e-09,"CPD",2,TRUE,NA
"rs77107237","G","A","G","A",-0.00955108323599049,-0.0224981970822358,0.0946,0.08412,FALSE,FALSE,FALSE,"PQ5Enn",0.036632,0.5391127913,"outcome",TRUE,"reported","textfile","LungCancer","LungCancer","exposure","2",0.00958951833388023,0.319,"CPD",2,TRUE,NA
"rs7766641","A","G","A","G",-0.0345361650560973,-0.0727287698444766,0.291,0.293536,FALSE,FALSE,FALSE,"PQ5Enn",0.016426,9.5225671e-06,"outcome",TRUE,"reported","textfile","LungCancer","LungCancer","exposure","2",0.00624328841409988,3.2e-08,"CPD",2,TRUE,NA
"rs77920005","A","G","A","G",0.0599531474337986,0.00948091376351041,0.0551,0.065127,FALSE,FALSE,FALSE,"PQ5Enn",0.030245,0.7539156103,"outcome",TRUE,"reported","textfile","LungCancer","LungCancer","exposure","2",0.0109641859777402,4.57e-08,"CPD",2,TRUE,NA
"rs78408772","T","C","T","C",-0.0432348892037441,-0.0495190797638681,0.11,0.100349,FALSE,FALSE,FALSE,"PQ5Enn",0.02553,0.0524219387,"outcome",TRUE,"reported","textfile","LungCancer","LungCancer","exposure","2",0.00913503764081507,2.16e-06,"CPD",2,TRUE,NA
"rs790564","C","A","C","A",-0.0408926927090551,0.021660912839744,0.719,0.731815,FALSE,FALSE,FALSE,"PQ5Enn",0.016742,0.1957429307,"outcome",TRUE,"reported","textfile","LungCancer","LungCancer","exposure","2",0.00619301974073314,3.97e-11,"CPD",2,TRUE,NA
"rs7951365","C","T","C","T",0.0389511126972512,0.0103799415275828,0.306,0.321375,FALSE,FALSE,FALSE,"PQ5Enn",0.021665,0.6318573564,"outcome",TRUE,"reported","textfile","LungCancer","LungCancer","exposure","2",0.0059678111139577,6.63e-11,"CPD",2,TRUE,NA
"rs1024323","T","C","T","C",-0.0113,-0.00495626200024802,0.4097,0.387959,FALSE,FALSE,FALSE,"PQ5Enn",0.015225,0.7447777766,"outcome",TRUE,"reported","textfile","LungCancer","LungCancer","exposure","1",0.0203,0.5771,"COT",2,TRUE,NA
"rs10454798","T","G","T","G",-3e-04,0.011935487837399,0.2829,0.271536,FALSE,FALSE,FALSE,"PQ5Enn",0.016595,0.4719923683,"outcome",TRUE,"reported","textfile","LungCancer","LungCancer","exposure","1",0.0222,0.9884,"COT",2,TRUE,NA
"rs10742683","A","G","A","G",-0.001,-0.0142490370657255,0.4178,0.40951,FALSE,FALSE,FALSE,"PQ5Enn",0.0152,0.3485410218,"outcome",TRUE,"reported","textfile","LungCancer","LungCancer","exposure","1",0.0204,0.9597,"COT",2,TRUE,NA
"rs1115019","C","T","C","T",-0.0437,-0.047689558725399,0.7979,0.76612,FALSE,FALSE,FALSE,"PQ5Enn",0.017728,0.0071438095,"outcome",TRUE,"reported","textfile","LungCancer","LungCancer","exposure","1",0.0292,0.1345,"COT",2,TRUE,NA
"rs11846838","A","G","A","G",0.0118,0.0497106927339303,0.3787,0.328202,FALSE,FALSE,FALSE,"PQ5Enn",0.021574,0.0212111041,"outcome",TRUE,"reported","textfile","LungCancer","LungCancer","exposure","1",0.0253,0.6405,"COT",2,TRUE,NA
"rs12924872","T","C","T","C",-0.011,-0.0271687506915775,0.4713,0.463465,FALSE,FALSE,FALSE,"PQ5Enn",0.015051,0.0710585864,"outcome",TRUE,"reported","textfile","LungCancer","LungCancer","exposure","1",0.0248,0.6579,"COT",2,TRUE,NA
"rs13253502","A","G","A","G",-0.0214,0.0156528524077238,0.3973,0.397595,FALSE,FALSE,FALSE,"PQ5Enn",0.015628,0.3165551047,"outcome",TRUE,"reported","textfile","LungCancer","LungCancer","exposure","1",0.0213,0.3149,"COT",2,TRUE,NA
"rs143200968","C","G","C","G",-0.1045,-0.251019757414916,0.0248,0.019381,FALSE,TRUE,FALSE,"PQ5Enn",0.06191,5.02273e-05,"outcome",TRUE,"reported","textfile","LungCancer","LungCancer","exposure","1",0.0862,0.2251,"COT",2,TRUE,NA
"rs1592485","A","C","A","C",-0.0054,-0.0216430894689087,0.6163,0.612165,FALSE,FALSE,FALSE,"PQ5Enn",0.015155,0.1532595033,"outcome",TRUE,"reported","textfile","LungCancer","LungCancer","exposure","1",0.0215,0.8012,"COT",2,TRUE,NA
"rs182317","T","G","T","G",-0.0312,-0.0487922141715333,0.3383,0.343587,FALSE,FALSE,FALSE,"PQ5Enn",0.020898,0.0195551826,"outcome",TRUE,"reported","textfile","LungCancer","LungCancer","exposure","1",0.0219,0.1546,"COT",2,TRUE,NA
"rs2072659","G","C","G","C",-0.0833,-0.0657969125800662,0.1012,0.098161,FALSE,TRUE,FALSE,"PQ5Enn",0.043788,0.1329329897,"outcome",TRUE,"reported","textfile","LungCancer","LungCancer","exposure","1",0.0485,0.08551,"COT",2,TRUE,NA
"rs2084533","T","C","T","C",-0.0029,0.0422689471791665,0.3167,0.324449,FALSE,FALSE,FALSE,"PQ5Enn",0.01585,0.0076567578,"outcome",TRUE,"reported","textfile","LungCancer","LungCancer","exposure","1",0.0214,0.8913,"COT",2,TRUE,NA
"rs215600","A","G","A","G",0.0012,-0.0486577744539193,0.6603,0.650577,FALSE,FALSE,FALSE,"PQ5Enn",0.020843,0.0195721628,"outcome",TRUE,"reported","textfile","LungCancer","LungCancer","exposure","1",0.0212,0.9544,"COT",2,TRUE,NA
"rs2236951","C","T","C","T",-0.04,-0.0322246825448449,0.2148,0.204114,FALSE,FALSE,FALSE,"PQ5Enn",0.018384,0.079624004,"outcome",TRUE,"reported","textfile","LungCancer","LungCancer","exposure","1",0.0301,0.1845,"COT",2,TRUE,NA
"rs258321","G","A","G","A",0.0105,0.00416531302656183,0.4031,0.453536,FALSE,FALSE,FALSE,"PQ5Enn",0.015158,0.7834669677,"outcome",TRUE,"reported","textfile","LungCancer","LungCancer","exposure","1",0.0255,0.681,"COT",2,TRUE,NA
"rs2741351","C","A","C","A",-0.0415,0.0530179386265685,0.8192,0.820385,FALSE,FALSE,FALSE,"PQ5Enn",0.019353,0.0061535426,"outcome",TRUE,"reported","textfile","LungCancer","LungCancer","exposure","1",0.0315,0.1882,"COT",2,TRUE,NA
"rs2971426","T","A","T","A",0.0086,-0.0327653063934333,0.7431,0.888948,FALSE,TRUE,FALSE,"PQ5Enn",0.037104,0.3771932301,"outcome",TRUE,"reported","textfile","LungCancer","LungCancer","exposure","1",0.039,0.8264,"COT",2,TRUE,NA
"rs34973462","T","C","T","C",-0.0027,0.0278272068077607,0.3664,0.361016,FALSE,FALSE,FALSE,"PQ5Enn",0.024009,0.246448772,"outcome",TRUE,"reported","textfile","LungCancer","LungCancer","exposure","1",0.0206,0.8963,"COT",2,TRUE,NA
"rs4144686","A","G","A","G",-0.0466,-0.0334140843003138,0.1656,0.165084,FALSE,FALSE,FALSE,"PQ5Enn",0.019953,0.0939966654,"outcome",TRUE,"reported","textfile","LungCancer","LungCancer","exposure","1",0.0272,0.08734,"COT",2,TRUE,NA
"rs4236926","G","T","G","T",-0.0506,0.0291610813429874,0.7924,0.774702,FALSE,FALSE,FALSE,"PQ5Enn",0.01912,0.1272204829,"outcome",TRUE,"reported","textfile","LungCancer","LungCancer","exposure","1",0.0303,0.09509,"COT",2,TRUE,NA
"rs4485470","A","G","A","G",-0.0274,-0.0225996922524266,0.5401,0.583054,FALSE,FALSE,FALSE,"PQ5Enn",0.015048,0.1331361515,"outcome",TRUE,"reported","textfile","LungCancer","LungCancer","exposure","1",0.0252,0.2758,"COT",2,TRUE,NA
"rs56113850","C","T","C","T",-0.0912,0.128648476344863,0.5592,0.564992,FALSE,FALSE,FALSE,"PQ5Enn",0.017759,4.350942e-13,"outcome",TRUE,"reported","textfile","LungCancer","LungCancer","exposure","1",0.0276,0.0009633,"COT",2,TRUE,NA
"rs57064725","A","C","A","C",-0.2422,-0.255732602626483,0.248,0.213099,FALSE,FALSE,FALSE,"PQ5Enn",0.018452,1.117985e-43,"outcome",TRUE,"reported","textfile","LungCancer","LungCancer","exposure","1",0.0303,1.332e-15,"COT",2,TRUE,NA
"rs59208569","C","G","C","G",-0.004,0.000839352157487233,0.7849,0.820946,FALSE,TRUE,FALSE,"PQ5Enn",0.020641,0.9675799938,"outcome",TRUE,"reported","textfile","LungCancer","LungCancer","exposure","1",0.038,0.9168,"COT",2,TRUE,NA
"rs6078373","A","G","A","G",-0.0156,0.0275665277178053,0.3992,0.404186,FALSE,FALSE,FALSE,"PQ5Enn",0.017661,0.118568178,"outcome",TRUE,"reported","textfile","LungCancer","LungCancer","exposure","1",0.0207,0.4505,"COT",2,TRUE,NA
"rs62447179","A","G","A","G",-0.0094,0.00500744181053926,0.3042,0.292422,FALSE,FALSE,FALSE,"PQ5Enn",0.016311,0.7588631354,"outcome",TRUE,"reported","textfile","LungCancer","LungCancer","exposure","1",0.0216,0.6635,"COT",2,TRUE,NA
"rs632811","G","A","G","A",0.0042,0.00458148893359455,0.3931,0.331355,FALSE,FALSE,FALSE,"PQ5Enn",0.016072,0.7756192458,"outcome",TRUE,"reported","textfile","LungCancer","LungCancer","exposure","1",0.0255,0.8683,"COT",2,TRUE,NA
"rs7125588","G","A","G","A",-6e-04,-0.0253342183753499,0.3964,0.419219,FALSE,FALSE,FALSE,"PQ5Enn",0.015051,0.0923287273,"outcome",TRUE,"reported","textfile","LungCancer","LungCancer","exposure","1",0.0242,0.9788,"COT",2,TRUE,NA
"rs7174367","A","G","A","G",-0.1476,-0.189068743251197,0.6462,0.570739,FALSE,FALSE,FALSE,"PQ5Enn",0.019808,1.362043e-21,"outcome",TRUE,"reported","textfile","LungCancer","LungCancer","exposure","1",0.0283,1.751e-07,"COT",2,TRUE,NA
"rs7281463","C","A","C","A",-0.002,0.00956015573485448,0.4006,0.402854,FALSE,FALSE,FALSE,"PQ5Enn",0.01519,0.5291066885,"outcome",TRUE,"reported","textfile","LungCancer","LungCancer","exposure","1",0.0209,0.9229,"COT",2,TRUE,NA
"rs73229090","A","C","A","C",-0.0146,-0.097190646774588,0.1098,0.107312,FALSE,FALSE,FALSE,"PQ5Enn",0.024567,7.61517e-05,"outcome",TRUE,"reported","textfile","LungCancer","LungCancer","exposure","1",0.0333,0.661,"COT",2,TRUE,NA
"rs75596189","T","C","T","C",0.0039,0.0788564659053564,0.1084,0.100976,FALSE,FALSE,FALSE,"PQ5Enn",0.031467,0.0122101972,"outcome",TRUE,"reported","textfile","LungCancer","LungCancer","exposure","1",0.0359,0.9134,"COT",2,TRUE,NA
"rs7596180","G","A","G","A",-0.0406,-0.00576137138069458,0.6281,0.663911,FALSE,FALSE,FALSE,"PQ5Enn",0.020928,0.7831032932,"outcome",TRUE,"reported","textfile","LungCancer","LungCancer","exposure","1",0.0216,0.05989,"COT",2,TRUE,NA
"rs7599488","T","C","T","C",0.0111,0.0151339026047159,0.4501,0.433751,FALSE,FALSE,FALSE,"PQ5Enn",0.019519,0.4381304847,"outcome",TRUE,"reported","textfile","LungCancer","LungCancer","exposure","1",0.02,0.5795,"COT",2,TRUE,NA
"rs7612459","C","A","C","A",0.0166,-0.0455917212666045,0.6789,0.651733,FALSE,FALSE,FALSE,"PQ5Enn",0.015641,0.0035580129,"outcome",TRUE,"reported","textfile","LungCancer","LungCancer","exposure","1",0.0265,0.5315,"COT",2,TRUE,NA
"rs77107237","G","A","G","A",0.2221,-0.0224981970822358,0.0959,0.08412,FALSE,FALSE,FALSE,"PQ5Enn",0.036632,0.5391127913,"outcome",TRUE,"reported","textfile","LungCancer","LungCancer","exposure","1",0.0359,5.891e-10,"COT",2,TRUE,NA
"rs7766641","A","G","A","G",-0.033,-0.0727287698444766,0.3119,0.293536,FALSE,FALSE,FALSE,"PQ5Enn",0.016426,9.5225671e-06,"outcome",TRUE,"reported","textfile","LungCancer","LungCancer","exposure","1",0.0228,0.1484,"COT",2,TRUE,NA
"rs77920005","A","G","A","G",0.0508,0.00948091376351041,0.0689,0.065127,FALSE,FALSE,FALSE,"PQ5Enn",0.030245,0.7539156103,"outcome",TRUE,"reported","textfile","LungCancer","LungCancer","exposure","1",0.0522,0.33,"COT",2,TRUE,NA
"rs78408772","T","C","T","C",-0.0192,-0.0495190797638681,0.0963,0.100349,FALSE,FALSE,FALSE,"PQ5Enn",0.02553,0.0524219387,"outcome",TRUE,"reported","textfile","LungCancer","LungCancer","exposure","1",0.036,0.5939,"COT",2,TRUE,NA
"rs790564","C","A","C","A",-0.0024,0.021660912839744,0.7317,0.731815,FALSE,FALSE,FALSE,"PQ5Enn",0.016742,0.1957429307,"outcome",TRUE,"reported","textfile","LungCancer","LungCancer","exposure","1",0.0225,0.9147,"COT",2,TRUE,NA
"rs7951365","C","T","C","T",-0.008,0.0103799415275828,0.2998,0.321375,FALSE,FALSE,FALSE,"PQ5Enn",0.021665,0.6318573564,"outcome",TRUE,"reported","textfile","LungCancer","LungCancer","exposure","1",0.0231,0.7288,"COT",2,TRUE,NA
